ed_symbol,exchange,ed_type,ed_name,ed_country,ed_currency,ed_isin,standardized_symbol
A,XNYS,EQS,Agilent Technologies Inc,USA,USD,US00846U1016,A
AA,XNYS,EQS,Alcoa Corp,USA,USD,US0138721065,AA
AACB,XNAS,EQS,Artius II Acquisition Inc. Class A Ordinary Shares,USA,USD,,AACB
AACBR,XNAS,EQS,Artius II Acquisition Inc. Rights,USA,USD,KYG0509J1233,AACBR
AACBU,XNAS,EQS,Artius II Acquisition Inc. Units,USA,USD,KYG0509J1076,AACBU
AACG,XNAS,EQS,ATA Creativity Global,USA,USD,US00211V1061,AACG
AACI,XNAS,EQS,Armada Acquisition Corp. II Class A Ordinary Shares,USA,USD,,AACI
AACIU,XNAS,EQS,Armada Acquisition Corp. II - Units,USA,USD,,AACIU
AACT,XNYS,EQS,Ares Acquisition Corporation II,USA,USD,KYG330331201,AACT
AACT-WT,XNYS,EQS,Ares Acquisition Corporation II WT,USA,USD,KYG330331201,AACTWT
AADR,XNAS,ETF,AdvisorShares Dorsey Wright ADR ETF,USA,USD,US00768Y2063,AADR
AAGR,XNAS,EQS,African Agriculture Holdings Inc.,USA,USD,US00792J1007,AAGR
AAIDX,XNAS,FND,Axonic Alternative Income Fund,USA,USD,US05465F1030,AAIDX
AAL,XNAS,EQS,American Airlines Group,USA,USD,US02376R1023,AAL
AALG,XNAS,ETF,Leverage Shares 2X Long AAL Daily ETF,USA,USD,,AALG
AAM,XNYS,EQS,AA Mission Acquisition Corp.,USA,USD,KYG1000R1011,AAM
AAME,XNAS,EQS,Atlantic American Corporation,USA,USD,US0482091008,AAME
AAMI,XNYS,EQS,Acadian Asset Management Inc,USA,USD,,AAMI
AAOI,XNAS,EQS,Applied Opt,USA,USD,US03823U1025,AAOI
AAON,XNAS,EQS,AAON Inc,USA,USD,US0003602069,AAON
